disease,gt_codes,positives_GT,negatives_GT,TP,FP,FN,TN,sensitivity,specificity,PPV,NPV,F1,accuracy,ROC_AUC,PR_AUC,prevalence,fire_rate,fires,eval_mode
SinusRhythm,"MSBRAD,NSR,SBRAD,SRTH,STACH",19634,2165,19415,151,219,2014,0.9888458795966181,0.9302540415704388,0.9922825309209854,0.9019256605463501,0.9905612244897959,0.983026744346071,0.9595499605835285,0.995587371459086,0.9006835175925502,0.8975641084453415,19566,measurements_only_no_flags
AVBlock,"AVDIS,CHB,MBZI,MBZII,SAV,VAVB,W2T1,W3T1,W4T1",201,21598,179,68,22,21530,0.8905472636815921,0.9968515603296602,0.7246963562753036,0.9989792130660727,0.7991071428571429,0.9958713702463415,0.9436994120056261,0.8081264202816728,0.009220606449837148,0.011330794990595899,247,measurements_only_no_flags
LowVoltageQRS,LOWV,356,21443,356,217,0,21226,1.0,0.9898801473674392,0.6212914485165794,1.0,0.7664155005382132,0.9900454149272903,0.9949400736837196,0.8106457242582896,0.016331024358915546,0.026285609431625303,573,measurements_only_no_flags
Hemiblocks,"AFB,IVCB,IVCD,PFB",844,20955,467,76,377,20879,0.5533175355450237,0.9963731806251491,0.860036832412523,0.9822638313887844,0.6733958183129055,0.9792192302399193,0.7748453580850865,0.7153243696294913,0.03871737235653012,0.02490939951373916,543,measurements_only_no_flags
QWaveMI,"ALMI,AMI,ASMI,IMI,IPMI,LMI,POSTMI,QESPMI,SMI",4132,17667,3250,2316,882,15351,0.7865440464666021,0.8689081338087961,0.583902263744161,0.9456662354463131,0.6702412868632708,0.8532960227533373,0.8277260901376992,0.7054534408983079,0.18954997935685122,0.2553328134318088,5566,measurements_only_no_flags
LBBB,LBBB,566,21233,545,542,21,20691,0.9628975265017667,0.9744736966043422,0.5013799448022079,0.9989860950173812,0.6594071385359952,0.9741731272076701,0.9686856115530544,0.7326204091232476,0.02596449378411854,0.04986467269140786,1087,measurements_only_no_flags
ProlongedQT,LNGQT,636,21163,442,279,194,20884,0.6949685534591195,0.9868166139016208,0.6130374479889042,0.9907960907106936,0.6514369933677229,0.9783017569613285,0.8408925836803701,0.658452746125177,0.0291756502591862,0.033074911693196936,721,measurements_only_no_flags
LVH,"LVH,LVH2,LVH3,QRSV",4108,17691,1673,274,2435,17417,0.4072541382667965,0.9845118987055564,0.8592706728299949,0.8773423332661696,0.5526011560693641,0.8757282444148814,0.6958830184861764,0.6891135913826083,0.1884490114225423,0.08931602367081058,1947,measurements_only_no_flags
RBBB,RBBB,721,21078,380,280,341,20798,0.5270457697642164,0.9867160072113104,0.5757575757575758,0.9838686787454468,0.5503258508327299,0.9715124546997569,0.7568808884877634,0.5592231324608823,0.033074911693196936,0.030276618193495114,660,measurements_only_no_flags
WPW,"WPW,WPWA,WPWB",49,21750,21,29,28,21721,0.42857142857142855,0.9986666666666667,0.42,0.998712584486643,0.42424242424242425,0.9973852011560164,0.7136190476190476,0.4249279455807278,0.0022478095325473646,0.002293683196476903,50,measurements_only_no_flags
TWaveIschemia,"ALT,AT,ILT,IT,LT,MALT,MAT,MILT,MIT,MLT,NSTT,NT",3608,18191,1255,1954,2353,16237,0.3478381374722838,0.8925842449562971,0.39108756622000623,0.8734265734265734,0.36819715417339005,0.8024221294554796,0.6202111912142905,0.42343321745924656,0.1655121794577733,0.1472085875498876,3209,measurements_only_no_flags
PulmonaryDiseasePattern,PULD,64,21735,22,35,42,21700,0.34375,0.998389694041868,0.38596491228070173,0.9980682549903412,0.36363636363636365,0.9964677278774255,0.671069847020934,0.3658208030828711,0.002935914491490435,0.002614798843983669,57,measurements_only_no_flags
STDepressionIschemia,"ASBINJ,ISBINJ,JST,LSBINJ,MSTDAL,MSTDAS,MSTDIL,NST,SSBINJ,STDEP2",1404,20395,361,1496,1043,18899,0.2571225071225071,0.9266486884040206,0.1943995691976306,0.9476983251429144,0.22140447715424716,0.8835267672829029,0.5918855977632639,0.24968415389932294,0.06440662415707142,0.08518739391715216,1857,measurements_only_no_flags
NonspecificTWave,"NSTT,NT,QRST",1955,19844,1847,13236,108,6608,0.9447570332480818,0.33299737956057246,0.12245574487833985,0.9839189994044074,0.21680948468130062,0.3878618285242442,0.6388772064043271,0.5360835669154058,0.08968301298224689,0.6919124730492224,15083,measurements_only_no_flags
AcuteMISTEMI,STEMI,178,21621,47,455,131,21166,0.2640449438202247,0.978955644974793,0.09362549800796813,0.9938488989059492,0.13823529411764707,0.9731180329372907,0.621500294397509,0.18183994590148114,0.008165512179457773,0.023028579292628103,502,measurements_only_no_flags
IncompleteBundleBlocks,"ILBBB,IRBBB",550,21249,82,614,468,20635,0.14909090909090908,0.9711045225657678,0.11781609195402298,0.9778230583329385,0.13162118780096307,0.9503646956282398,0.5600977158283384,0.14418793788197792,0.02523051516124593,0.03192807009495848,696,measurements_only_no_flags
STElevationInjury,"AINJ,AIOHAI,ALIHAI,ALINJ,IINJ,IIOHAI,ILIHAI,ILINJ,LINJ,LIOHAI",63,21736,29,836,34,20900,0.4603174603174603,0.9615384615384616,0.03352601156069364,0.998375847902933,0.0625,0.9600899123813019,0.7109279609279608,0.24770158822587912,0.0028900408275608974,0.03968071929905041,865,measurements_only_no_flags
AbnormalQRSTAngle,QRST,68,21731,68,3807,0,17924,1.0,0.8248124798674704,0.017548387096774195,1.0,0.03449150393101699,0.8253589614202487,0.9124062399337352,0.508774193548387,0.0031194091472085874,0.17776044772695995,3875,measurements_only_no_flags
UndeterminedRhythm,UR,142,21657,33,1941,109,19716,0.2323943661971831,0.9103753982546059,0.016717325227963525,0.9945018915510718,0.031190926275992438,0.905958988944447,0.5713848822258945,0.12705596039673314,0.006514060277994403,0.09055461259690811,1974,measurements_only_no_flags
NonspecificSTElevation,"SERYR1,SERYR2",31,21768,30,2468,1,19300,0.967741935483871,0.8866225652333701,0.01200960768614892,0.9999481892129941,0.02372479240806643,0.8867379237579706,0.9271822503586206,0.48989870841697475,0.0014220835818156796,0.11459241249598605,2498,measurements_only_no_flags
AFib,AFIB,1396,20403,0,2,1396,20401,0.0,0.9999019751997256,0.0,0.935954489149883,0.0,0.9358686178265058,0.4999509875998628,0.03201981742281756,0.06403963484563512,9.17473278590761e-05,2,measurements_only_no_flags
AtrialEnlargement,"BAE,LAE,RAE",588,21211,0,0,588,21211,0.0,1.0,0.0,0.9730262856094316,0.0,0.9730262856094316,0.5,0.013486857195284188,0.026973714390568376,0.0,0,measurements_only_no_flags
AtrialFlutter,FLUT,151,21648,0,0,151,21648,0.0,1.0,0.0,0.9930730767466398,0.0,0.9930730767466398,0.5,0.003463461626680123,0.006926923253360246,0.0,0,measurements_only_no_flags
BiventricularHypertrophy,BIVH,16,21783,0,0,16,21783,0.0,1.0,0.0,0.9992660213771274,0.0,0.9992660213771274,0.5,0.0003669893114363044,0.0007339786228726088,0.0,0,measurements_only_no_flags
EctopicAtrialRhythm,"EABRAD,EAR,EATACH",68,21731,0,0,68,21731,0.0,1.0,0.0,0.9968805908527915,0.0,0.9968805908527915,0.5,0.0015597045736042937,0.0031194091472085874,0.0,0,measurements_only_no_flags
Ectopy,"ABER,PAC,PSVC,PVC",2260,19539,0,0,2260,19539,0.0,1.0,0.0,0.896325519519244,0.0,0.896325519519244,0.5,0.051837240240378,0.103674480480756,0.0,0,measurements_only_no_flags
ElectrodeReversals,ARM,23,21776,0,0,23,21776,0.0,1.0,0.0,0.9989449057296206,0.0,0.9989449057296206,0.5,0.0005275471351896876,0.0010550942703793753,0.0,0,measurements_only_no_flags
JunctionalRhythm,"JR,JTACH,JUNBRAD,JUNCT-R",135,21664,0,0,135,21664,0.0,1.0,0.0,0.9938070553695124,0.0,0.9938070553695124,0.5,0.0030964723152438183,0.006192944630487637,0.0,0,measurements_only_no_flags
NonspecificIVCB,"IVCB,IVCD",311,21488,0,0,311,21488,0.0,1.0,0.0,0.9857332905179137,0.0,0.9857332905179137,0.5,0.0071333547410431675,0.014266709482086335,0.0,0,measurements_only_no_flags
Pacing,"APR,ASVPR,AVDPR,VPR",222,21577,0,0,222,21577,0.0,1.0,0.0,0.9898160466076426,0.0,0.9898160466076426,0.5,0.005091976696178724,0.010183953392357448,0.0,0,measurements_only_no_flags
PRInterval,"FAV,SPR",1343,20456,0,0,1343,20456,0.0,1.0,0.0,0.9383916693426304,0.0,0.9383916693426304,0.5,0.030804165328684803,0.061608330657369606,0.0,0,measurements_only_no_flags
RVH,"RVE+,RVH",44,21755,0,0,44,21755,0.0,1.0,0.0,0.9979815587871004,0.0,0.9979815587871004,0.5,0.001009220606449837,0.002018441212899674,0.0,0,measurements_only_no_flags
SinusArrhythmia,"MSAR,SAR",1473,20326,0,0,1473,20326,0.0,1.0,0.0,0.9324280930317904,0.0,0.9324280930317904,0.5,0.03378595348410478,0.06757190696820956,0.0,0,measurements_only_no_flags
NonspecificSTDepression,(no GT),0,0,0,0,0,0,0.0,0.0,0.0,0.0,0.0,0.0,,,0.0,0.328501307399422,7161,measurements_only_no_flags
PoorRWaveProgression,(no GT),0,0,0,0,0,0,0.0,0.0,0.0,0.0,0.0,0.0,,,0.0,0.18065048855452084,3938,measurements_only_no_flags
QRSAxis,(no GT),0,0,0,0,0,0,0.0,0.0,0.0,0.0,0.0,0.0,,,0.0,0.14014404330473876,3055,measurements_only_no_flags
STElevationMechanismUnknown,(no GT),0,0,0,0,0,0,0.0,0.0,0.0,0.0,0.0,0.0,,,0.0,0.09651818890774806,2104,measurements_only_no_flags
PericarditisOrEarlyRepol,(no GT),0,0,0,0,0,0,0.0,0.0,0.0,0.0,0.0,0.0,,,0.0,0.0005046103032249185,11,measurements_only_no_flags
Brugada,(no GT),0,0,0,0,0,0,0.0,0.0,0.0,0.0,0.0,0.0,,,0.0,0.00022936831964769026,5,measurements_only_no_flags
PediatricAtrialEnlargement,(no GT),0,0,0,0,0,0,0.0,0.0,0.0,0.0,0.0,0.0,,,0.0,0.0,0,measurements_only_no_flags
PedBiventricularHypertrophy,(no GT),0,0,0,0,0,0,0.0,0.0,0.0,0.0,0.0,0.0,,,0.0,0.0,0,measurements_only_no_flags
PediatricBrugada,(no GT),0,0,0,0,0,0,0.0,0.0,0.0,0.0,0.0,0.0,,,0.0,0.0,0,measurements_only_no_flags
PediatricConduction,(no GT),0,0,0,0,0,0,0.0,0.0,0.0,0.0,0.0,0.0,,,0.0,0.0,0,measurements_only_no_flags
PediatricDextrocardia,(no GT),0,0,0,0,0,0,0.0,0.0,0.0,0.0,0.0,0.0,,,0.0,0.0,0,measurements_only_no_flags
PedEarlyRepolPericarditis,(no GT),0,0,0,0,0,0,0.0,0.0,0.0,0.0,0.0,0.0,,,0.0,0.0,0,measurements_only_no_flags
PediatricLowVoltageQRS,(no GT),0,0,0,0,0,0,0.0,0.0,0.0,0.0,0.0,0.0,,,0.0,0.0,0,measurements_only_no_flags
PediatricLVH,(no GT),0,0,0,0,0,0,0.0,0.0,0.0,0.0,0.0,0.0,,,0.0,0.0,0,measurements_only_no_flags
PediatricQWaveMI,(no GT),0,0,0,0,0,0,0.0,0.0,0.0,0.0,0.0,0.0,,,0.0,0.0,0,measurements_only_no_flags
PedNonspecificBlock,(no GT),0,0,0,0,0,0,0.0,0.0,0.0,0.0,0.0,0.0,,,0.0,0.0,0,measurements_only_no_flags
PediatricProlongedQT,(no GT),0,0,0,0,0,0,0.0,0.0,0.0,0.0,0.0,0.0,,,0.0,0.0,0,measurements_only_no_flags
PediatricQRSAxis,(no GT),0,0,0,0,0,0,0.0,0.0,0.0,0.0,0.0,0.0,,,0.0,0.0,0,measurements_only_no_flags
PediatricRVH,(no GT),0,0,0,0,0,0,0.0,0.0,0.0,0.0,0.0,0.0,,,0.0,0.0,0,measurements_only_no_flags
PedSTDepression,(no GT),0,0,0,0,0,0,0.0,0.0,0.0,0.0,0.0,0.0,,,0.0,0.0,0,measurements_only_no_flags
PediatricSTElevation,(no GT),0,0,0,0,0,0,0.0,0.0,0.0,0.0,0.0,0.0,,,0.0,0.0,0,measurements_only_no_flags
PediatricTWave,(no GT),0,0,0,0,0,0,0.0,0.0,0.0,0.0,0.0,0.0,,,0.0,0.0,0,measurements_only_no_flags
PediatricWPW,(no GT),0,0,0,0,0,0,0.0,0.0,0.0,0.0,0.0,0.0,,,0.0,0.0,0,measurements_only_no_flags
