disease,variant,fires,fire_rate
AFib,AFib_AtrialRate_gt400,2,9.17473278590761e-05
AVBlock,AFib_RapidVentResponse,413,0.018945823202899215
AVBlock,CompleteHeartBlock,247,0.011330794990595899
AVBlock,AFib_SlowVentResponse,84,0.0038533877700811965
AbnormalQRSTAngle,AQRST_discordant_axes,3875,0.17776044772695995
AcuteMISTEMI,AcuteMI_concurrent_STEMI_and_Qwave,502,0.023028579292628103
AtrialEnlargement,LAE_literature_proxy,337,0.015459424744254324
AtrialEnlargement,RAE,133,0.006101197302628561
AtrialFlutter,AFL_atrial_rate_adult,0,0.0
AtrialFlutter,AFL_atrial_rate_pediatric,0,0.0
BiventricularHypertrophy,BIVH_RVH3of4_and_any_LVH,7,0.0003211156475067664
Brugada,Brugada_type1_V2,5,0.00022936831964769026
Brugada,Brugada_type1_V1,0,0.0
EctopicAtrialRhythm,EctopicAtrialBradycardia,0,0.0
EctopicAtrialRhythm,EctopicAtrialRhythm,0,0.0
EctopicAtrialRhythm,EctopicAtrialTachycardia,0,0.0
Ectopy,PVC_stub,0,0.0
ElectrodeReversals,Electrode_reversal_stub,0,0.0
Hemiblocks,IVCD_nonspecific,2846,0.1305564475434653
Hemiblocks,LAFB,543,0.02490939951373916
Hemiblocks,LPFB,0,0.0
IncompleteBundleBlocks,IRBBB,415,0.01903757053075829
IncompleteBundleBlocks,ILBBB,260,0.011927152621679893
IncompleteBundleBlocks,RSR_pattern_V1,22,0.001009220606449837
JunctionalRhythm,JunctionalBradycardia,0,0.0
JunctionalRhythm,JunctionalRhythm,0,0.0
JunctionalRhythm,JunctionalTachycardia,0,0.0
LBBB,LBBB_standard,1087,0.04986467269140786
LVH,R_in_aVL,1806,0.08284783705674573
LVH,Romhilt_Estes,357,0.016376898022845084
LVH,Sokolow_Lyon,0,0.0
LVH,Cornell_product,0,0.0
LowVoltageQRS,LowV_all_limb,359,0.01646864535070416
LowVoltageQRS,LowV_all_12,245,0.011239047662736822
NonspecificIVCB,IVCB_QRS_wide_no_BBB,571,0.026193862103766227
NonspecificSTDepression,NST_STJ_below_minus_0p05_two_leads_no_aVR,7161,0.328501307399422
NonspecificSTElevation,NST_ST_elevation_and_nontall_T,2498,0.11459241249598605
NonspecificTWave,NT_small_or_shallow_in_two_leads,15083,0.6919124730492224
PRInterval,FirstDegreeAVBlock,1243,0.0570209642644158
PRInterval,ShortPR,103,0.004724987384742419
Pacing,Paced_stub,0,0.0
PedBiventricularHypertrophy,Biventricular_hypertrophy_ped_voltage,0,0.0
PedEarlyRepolPericarditis,Early_Repolarization_ped,0,0.0
PedEarlyRepolPericarditis,Acute_Pericarditis_ped,0,0.0
PedEarlyRepolPericarditis,ST_elevation_mechanism_unknown_ped,0,0.0
PedNonspecificBlock,IVCD_IVCB_ped_wide_QRS_no_BBB,0,0.0
PedSTDepression,Septal_ST_depression_ped,0,0.0
PedSTDepression,Anterior_ST_depression_ped,0,0.0
PedSTDepression,Lateral_ST_depression_ped,0,0.0
PedSTDepression,Inferior_ST_depression_ped,0,0.0
PedSTDepression,Generalized_ST_depression_ped,0,0.0
PedSTDepression,Nonspecific_ST_ped,0,0.0
PedSTDepression,Junctional_ST_depression_ped,0,0.0
PediatricAtrialEnlargement,RAE_ped,0,0.0
PediatricAtrialEnlargement,LAE_ped,0,0.0
PediatricBrugada,Brugada_type1_V1_ped,0,0.0
PediatricBrugada,Brugada_type1_V2_ped,0,0.0
PediatricConduction,RBBB_ped,0,0.0
PediatricConduction,LBBB_ped,0,0.0
PediatricConduction,Nonspecific_IVCB_ped,0,0.0
PediatricDextrocardia,Dextrocardia_R_right_exceeds_left_proxy,0,0.0
PediatricLVH,LVH_voltage_Sokolow_proxy_ped,0,0.0
PediatricLVH,LVH_with_strain_ped,0,0.0
PediatricLowVoltageQRS,LowV_all_limb_ped,0,0.0
PediatricLowVoltageQRS,LowV_limb_and_precordial_ped,0,0.0
PediatricProlongedQT,QTc_prolonged_ped,0,0.0
PediatricProlongedQT,QTc_borderline_ped,0,0.0
PediatricQRSAxis,Right_axis_deviation_ped,0,0.0
PediatricQRSAxis,Left_axis_deviation_ped,0,0.0
PediatricQRSAxis,Northwest_axis_ped,0,0.0
PediatricQRSAxis,Indeterminate_axis_ped,0,0.0
PediatricQWaveMI,Lateral_MI_ped,0,0.0
PediatricQWaveMI,Inferior_MI_ped,0,0.0
PediatricRVH,RVH_large_R_V1_ped,0,0.0
PediatricRVH,RVH_QR_pattern_V1_ped,0,0.0
PediatricRVH,RVH_with_repol_ped,0,0.0
PediatricRVH,RVH_with_strain_ped,0,0.0
PediatricSTElevation,Anterior_ST_elevation_ped,0,0.0
PediatricSTElevation,Lateral_ST_elevation_ped,0,0.0
PediatricSTElevation,Inferior_ST_elevation_ped,0,0.0
PediatricTWave,TWI_lateral_ped,0,0.0
PediatricTWave,TWI_inferior_ped,0,0.0
PediatricTWave,Nonspecific_T_ped,0,0.0
PediatricTWave,Abnormal_QRS_T_angle_ped,0,0.0
PediatricWPW,WPW_ped_PR_P_axis_proxy,0,0.0
PericarditisOrEarlyRepol,Early_Repolarization,10,0.00045873663929538053
PericarditisOrEarlyRepol,Acute_Pericarditis,4,0.0001834946557181522
PoorRWaveProgression,PRWP_morphology,3938,0.18065048855452084
ProlongedQT,QTc_480_to_500,491,0.022523968989403183
ProlongedQT,QTc_ge_500,230,0.010550942703793751
PulmonaryDiseasePattern,PULD_point_score,57,0.002614798843983669
QRSAxis,Left_axis_deviation,2550,0.11697784302032203
QRSAxis,Rightward_axis,309,0.014174962154227259
QRSAxis,Right_axis_deviation,118,0.00541309234368549
QRSAxis,Right_superior_axis_deviation,77,0.00353227212257443
QRSAxis,Indeterminate_axis,4,0.0001834946557181522
QWaveMI,Septal_MI,3718,0.17055828249002247
QWaveMI,Inferior_MI,1793,0.08225147942566173
QWaveMI,Anterior_MI,944,0.04330473874948392
QWaveMI,Lateral_MI,548,0.025138767833386852
QWaveMI,Posterior_MI,0,0.0
RBBB,Complete_RBBB,660,0.030276618193495114
RBBB,RBBB_with_RVH,2,9.17473278590761e-05
RVH,Possible_RVH_voltage_axis,45,0.0020643148768292124
RVH,RVH_voltage_axis,13,0.0005963576310839947
RVH,RVH_with_RBBB,4,0.0001834946557181522
STDepressionIschemia,Generalized_ST_Depression,1632,0.0748658195330061
STDepressionIschemia,Junctional_ST_Depression,879,0.04032295059406395
STDepressionIschemia,Lateral_Subendocardial,791,0.0362860681682646
STDepressionIschemia,Inferior_Subendocardial,505,0.023166200284416717
STDepressionIschemia,Anterior_Subendocardial,300,0.013762099178861415
STDepressionIschemia,Septal_Subendocardial,90,0.004128629753658425
STElevationInjury,Anterior_STEMI,678,0.031102344144226798
STElevationInjury,Inferior_STEMI,177,0.008119638515528235
STElevationInjury,Lateral_STEMI,42,0.0019266938850405983
STElevationMechanismUnknown,SERYR1_STJ_two_leads_over_0p10,2104,0.09651818890774806
SinusArrhythmia,SAR_stub,0,0.0
SinusArrhythmia,MSAR_stub,0,0.0
SinusRhythm,NormalSinusRhythm,15145,0.6947566402128538
SinusRhythm,SinusBradycardia,3367,0.1544566264507546
SinusRhythm,SinusTachycardia,951,0.04362585439699069
SinusRhythm,MarkedSinusBradycardia,103,0.004724987384742419
TWaveIschemia,Lateral_T_Inversion,2331,0.1069315106197532
TWaveIschemia,Anterior_T_Inversion,824,0.037799899077939354
TWaveIschemia,Inferior_T_Inversion,810,0.03715766778292582
TWaveIschemia,Lateral_T_Inversion_Marked,117,0.005367218679755952
TWaveIschemia,Anterior_T_Inversion_Marked,115,0.005275471351896876
TWaveIschemia,Inferior_T_Inversion_Marked,2,9.17473278590761e-05
UndeterminedRhythm,WideQRSRhythm,1917,0.08793981375292445
UndeterminedRhythm,WideQRSTachycardia,48,0.0022019358686178265
UndeterminedRhythm,IdioventricularRhythm,10,0.00045873663929538053
UndeterminedRhythm,SVT,0,0.0
WPW,WPW_PR_proxy,50,0.002293683196476903
