disease,has_gt,F1_measurements_only,Sens_measurements_only,Spec_measurements_only,TP_measurements_only,FP_measurements_only,FN_measurements_only,F1_derived_flags,Sens_derived_flags,Spec_derived_flags,TP_derived_flags,FP_derived_flags,FN_derived_flags,F1_statement_flags,Sens_statement_flags,Spec_statement_flags,TP_statement_flags,FP_statement_flags,FN_statement_flags,F1_delta_derived_vs_meas,F1_delta_stmt_vs_meas
AbnormalQRSTAngle,True,0.03449150393101699,1.0,0.8248124798674704,68,3807,0,0.03449150393101699,1.0,0.8248124798674704,68,3807,0,0.03449150393101699,1.0,0.8248124798674704,68,3807,0,0.0,0.0
RBBB,True,0.5503258508327299,0.5270457697642164,0.9867160072113104,380,280,341,0.5469090909090909,0.521497919556172,0.9868108928740867,376,278,345,0.6036536934074662,0.5270457697642164,0.992504032640668,380,158,341,-0.00341675992363899,0.05332784257473633
Pacing,True,0.0,0.0,1.0,0,0,222,0.0,0.0,1.0,0,0,222,0.0,0.0,1.0,0,0,222,0.0,0.0
AcuteMISTEMI,True,0.13823529411764707,0.2640449438202247,0.978955644974793,47,455,131,0.2154566744730679,0.25842696629213485,0.9906109800656769,46,203,132,0.2160919540229885,0.2640449438202247,0.9902872207575968,47,210,131,0.07722138035542084,0.07785665990534144
PRInterval,True,0.0,0.0,1.0,0,0,1343,0.9355216881594373,0.8912881608339538,0.9990711771607352,1197,19,146,0.9988843436221644,1.0,0.9998533437622213,1343,3,0,0.9355216881594373,0.9988843436221644
ProlongedQT,True,0.6514369933677229,0.6949685534591195,0.9868166139016208,442,279,194,0.6509225092250922,0.6933962264150944,0.9868638661815433,441,278,195,0.6332574031890661,0.6556603773584906,0.9875253981004584,417,264,219,-0.0005144841426306668,-0.01817959017865678
PulmonaryDiseasePattern,True,0.36363636363636365,0.34375,0.998389694041868,22,35,42,0.36363636363636365,0.34375,0.998389694041868,22,35,42,0.36363636363636365,0.34375,0.998389694041868,22,35,42,0.0,0.0
QWaveMI,True,0.6702412868632708,0.7865440464666021,0.8689081338087961,3250,2316,882,0.6816783831282952,0.7509680542110359,0.8942095432161657,3103,1869,1029,0.6974248927038627,0.7865440464666021,0.8903039565291221,3250,1938,882,0.011437096265024427,0.027183605840591873
RVH,True,0.0,0.0,1.0,0,0,44,0.08695652173913043,0.045454545454545456,1.0,2,0,42,0.4943820224719101,0.5,0.9989427717766031,22,23,22,0.08695652173913043,0.4943820224719101
NonspecificSTElevation,True,0.02372479240806643,0.967741935483871,0.8866225652333701,30,2468,1,0.023790642347343377,0.967741935483871,0.886944138184491,30,2461,1,0.023781212841854936,0.967741935483871,0.8868981991914737,30,2462,1,6.584993927694766e-05,5.6420433788506585e-05
SinusArrhythmia,True,0.0,0.0,1.0,0,0,1473,0.0,0.0,1.0,0,0,1473,0.0,0.0,1.0,0,0,1473,0.0,0.0
SinusRhythm,True,0.9905612244897959,0.9888458795966181,0.9302540415704388,19415,151,219,0.9905612244897959,0.9888458795966181,0.9302540415704388,19415,151,219,0.9905612244897959,0.9888458795966181,0.9302540415704388,19415,151,219,0.0,0.0
STDepressionIschemia,True,0.22140447715424716,0.2571225071225071,0.9266486884040206,361,1496,1043,0.25133120340788073,0.25213675213675213,0.9480755087031135,354,1059,1050,0.25184145913714484,0.2556980056980057,0.9466535915665605,359,1088,1045,0.029926726253633573,0.030436981982897682
STElevationInjury,True,0.0625,0.4603174603174603,0.9615384615384616,29,836,34,0.10707456978967496,0.4444444444444444,0.9801251380198749,28,432,35,0.1124031007751938,0.4603174603174603,0.9804931910195068,29,424,34,0.04457456978967496,0.049903100775193804
TWaveIschemia,True,0.36819715417339005,0.3478381374722838,0.8925842449562971,1255,1954,2353,0.3925233644859813,0.3317627494456763,0.9288659227090319,1197,1294,2411,0.40523509452254,0.3475609756097561,0.9270518388213952,1254,1327,2354,0.024326210312591245,0.03703794034914992
UndeterminedRhythm,True,0.031190926275992438,0.2323943661971831,0.9103753982546059,33,1941,109,0.031190926275992438,0.2323943661971831,0.9103753982546059,33,1941,109,0.031190926275992438,0.2323943661971831,0.9103753982546059,33,1941,109,0.0,0.0
NonspecificTWave,True,0.21680948468130062,0.9447570332480818,0.33299737956057246,1847,13236,108,0.21680948468130062,0.9447570332480818,0.33299737956057246,1847,13236,108,0.21680948468130062,0.9447570332480818,0.33299737956057246,1847,13236,108,0.0,0.0
WPW,True,0.42424242424242425,0.42857142857142855,0.9986666666666667,21,29,28,0.42424242424242425,0.42857142857142855,0.9986666666666667,21,29,28,0.42424242424242425,0.42857142857142855,0.9986666666666667,21,29,28,0.0,0.0
LBBB,True,0.6594071385359952,0.9628975265017667,0.9744736966043422,545,542,21,0.6634026927784578,0.9575971731448764,0.9752272406160223,542,526,24,0.6951530612244898,0.9628975265017667,0.9784768991663919,545,457,21,0.003995554242462562,0.035745922688494636
ElectrodeReversals,True,0.0,0.0,1.0,0,0,23,0.0,0.0,1.0,0,0,23,0.0,0.0,1.0,0,0,23,0.0,0.0
LVH,True,0.5526011560693641,0.4072541382667965,0.9845118987055564,1673,274,2435,0.5251157819736373,0.3588120740019474,0.9981911706517438,1474,32,2634,0.5575438596491228,0.3868062317429406,0.999830422248601,1589,3,2519,-0.027485374095726822,0.004942703579758678
LowVoltageQRS,True,0.7664155005382132,1.0,0.9898801473674392,356,217,0,0.7672413793103449,1.0,0.9899267826330271,356,216,0,0.7672413793103449,1.0,0.9899267826330271,356,216,0,0.000825878772131694,0.000825878772131694
AFib,True,0.0,0.0,0.9999019751997256,0,2,1396,0.0,0.0,0.9999019751997256,0,2,1396,0.0,0.0,0.9999019751997256,0,2,1396,0.0,0.0
AtrialEnlargement,True,0.0,0.0,1.0,0,0,588,0.5185185185185185,0.4523809523809524,0.9918909999528547,266,172,322,0.5350444225074038,0.4608843537414966,0.9927396162368582,271,154,317,0.5185185185185185,0.5350444225074038
NonspecificIVCB,True,0.0,0.0,1.0,0,0,311,0.0,0.0,1.0,0,0,311,0.3854875283446712,0.5466237942122186,0.9813384214445272,170,401,141,0.0,0.3854875283446712
AtrialFlutter,True,0.0,0.0,1.0,0,0,151,0.0,0.0,1.0,0,0,151,0.0,0.0,1.0,0,0,151,0.0,0.0
AVBlock,True,0.7991071428571429,0.8905472636815921,0.9968515603296602,179,68,22,0.7991071428571429,0.8905472636815921,0.9968515603296602,179,68,22,0.37883597883597886,0.8905472636815921,0.9738401703861469,179,565,22,0.0,-0.42027116402116405
BiventricularHypertrophy,True,0.0,0.0,1.0,0,0,16,0.0,0.0,1.0,0,0,16,0.0,0.0,0.9996786484873526,0,7,16,0.0,0.0
JunctionalRhythm,True,0.0,0.0,1.0,0,0,135,0.0,0.0,1.0,0,0,135,0.0,0.0,1.0,0,0,135,0.0,0.0
IncompleteBundleBlocks,True,0.13162118780096307,0.14909090909090908,0.9711045225657678,82,614,468,0.13172690763052208,0.14909090909090908,0.9711515836039343,82,613,468,0.13215149073327961,0.14909090909090908,0.9713398277566003,82,609,468,0.00010571982955900894,0.0005303029323165398
EctopicAtrialRhythm,True,0.0,0.0,1.0,0,0,68,0.0,0.0,1.0,0,0,68,0.0,0.0,1.0,0,0,68,0.0,0.0
Ectopy,True,0.0,0.0,1.0,0,0,2260,0.0,0.0,1.0,0,0,2260,0.0,0.0,1.0,0,0,2260,0.0,0.0
Hemiblocks,True,0.6733958183129055,0.5533175355450237,0.9963731806251491,467,76,377,0.6724386724386724,0.5521327014218009,0.9963731806251491,466,76,378,0.379587732528909,0.8945497630331753,0.8864710093056549,755,2379,89,-0.0009571458742331229,-0.29380808578399653
NonspecificSTDepression,False,,,,,,,,,,,,,,,,,,,,
QRSAxis,False,,,,,,,,,,,,,,,,,,,,
Brugada,False,,,,,,,,,,,,,,,,,,,,
PericarditisOrEarlyRepol,False,,,,,,,,,,,,,,,,,,,,
STElevationMechanismUnknown,False,,,,,,,,,,,,,,,,,,,,
PoorRWaveProgression,False,,,,,,,,,,,,,,,,,,,,
PediatricTWave,False,,,,,,,,,,,,,,,,,,,,
PediatricWPW,False,,,,,,,,,,,,,,,,,,,,
PediatricSTElevation,False,,,,,,,,,,,,,,,,,,,,
PedSTDepression,False,,,,,,,,,,,,,,,,,,,,
PediatricRVH,False,,,,,,,,,,,,,,,,,,,,
PediatricQRSAxis,False,,,,,,,,,,,,,,,,,,,,
PediatricProlongedQT,False,,,,,,,,,,,,,,,,,,,,
PedNonspecificBlock,False,,,,,,,,,,,,,,,,,,,,
PediatricQWaveMI,False,,,,,,,,,,,,,,,,,,,,
PediatricLVH,False,,,,,,,,,,,,,,,,,,,,
PedEarlyRepolPericarditis,False,,,,,,,,,,,,,,,,,,,,
PediatricDextrocardia,False,,,,,,,,,,,,,,,,,,,,
PediatricConduction,False,,,,,,,,,,,,,,,,,,,,
PediatricBrugada,False,,,,,,,,,,,,,,,,,,,,
PedBiventricularHypertrophy,False,,,,,,,,,,,,,,,,,,,,
PediatricAtrialEnlargement,False,,,,,,,,,,,,,,,,,,,,
PediatricLowVoltageQRS,False,,,,,,,,,,,,,,,,,,,,
